{
  "version": 1,
  "author": "Pranay V",
  "editor": "wokwi",
  "parts": [
    { "type": "wokwi-arduino-uno", "id": "uno", "top": -249, "left": 373.8, "attrs": {} },
    { "type": "wokwi-mpu6050", "id": "imu1", "top": 51.82, "left": 415.12, "attrs": {} },
    {
      "type": "wokwi-lcd1602",
      "id": "lcd1",
      "top": -262.4,
      "left": -378.4,
      "attrs": { "pins": "i2c" }
    },
    { "type": "wokwi-led", "id": "led1", "top": -90, "left": 51.8, "attrs": { "color": "red" } },
    {
      "type": "wokwi-resistor",
      "id": "r1",
      "top": -284.05,
      "left": 211.2,
      "attrs": { "value": "220" }
    },
    {
      "type": "wokwi-led",
      "id": "led2",
      "top": -90,
      "left": -44.2,
      "attrs": { "color": "limegreen" }
    },
    {
      "type": "wokwi-resistor",
      "id": "r2",
      "top": -322.45,
      "left": 211.2,
      "attrs": { "value": "220" }
    },
    {
      "type": "wokwi-buzzer",
      "id": "bz1",
      "top": -333.6,
      "left": 673.8,
      "attrs": { "volume": "0.1" }
    }
  ],
  "connections": [
    [ "uno:5V", "imu1:VCC", "red", [ "v57.5", "h23" ] ],
    [ "imu1:GND", "uno:GND.2", "black", [ "v-19.2", "h28.88" ] ],
    [ "uno:A4", "imu1:SDA", "green", [ "v38.3", "h-120.6" ] ],
    [ "uno:A5", "imu1:SCL", "yellow", [ "v76.7", "h-130.1" ] ],
    [ "lcd1:GND", "uno:GND.2", "black", [ "h-19.2", "v441.6", "h748.8" ] ],
    [ "lcd1:VCC", "uno:5V", "red", [ "h-38.4", "v460.9", "h758.4", "v-316.8" ] ],
    [ "lcd1:SDA", "uno:A4", "green", [ "h-76.8", "v461", "h844.8" ] ],
    [ "lcd1:SCL", "uno:A5", "gold", [ "h-115.2", "v499.5", "h969.6" ] ],
    [ "r1:1", "led1:A", "red", [ "v0" ] ],
    [ "led1:C", "uno:GND.3", "black", [ "v96", "h509.2" ] ],
    [ "led2:A", "r2:1", "green", [ "v19.2", "h28.8", "v-326.4" ] ],
    [ "r2:2", "uno:7", "green", [ "v0", "h344.4" ] ],
    [ "r1:2", "uno:8", "red", [ "v0", "h334.8" ] ],
    [ "uno:GND.3", "led2:C", "black", [ "v259.1", "h-639.2" ] ],
    [ "uno:9", "bz1:2", "red", [ "v38.4", "h173.6" ] ],
    [ "bz1:1", "uno:GND.3", "black", [ "v105.6", "h-153.6" ] ]
  ],
  "dependencies": {}
}